{
  "nodeLayouts": {
    "inputs": {
      "x": 189.599853515625,
      "y": 80.24000549316406,
      "index": -1
    },
    "outputs": {
      "x": 97.4400634765625,
      "y": 785.52001953125,
      "index": -1
    },
    "Embedding_Question": {
      "x": 216.2882080078125,
      "y": 265.2959899902344,
      "index": 0
    },
    "search_kb": {
      "x": 259.29583740234375,
      "y": 410.6080322265625,
      "index": 1
    },
    "Chat": {
      "x": 165.60015869140625,
      "y": 598.1599731445312,
      "index": 2
    }
  },
  "orientation": "Vertical"
}