{
  "nodeLayouts": {
    "inputs": {
      "x": 122.399658203125,
      "y": 43.599998474121094,
      "index": -1
    },
    "outputs": {
      "x": 319.6793212890625,
      "y": 827.2798004150391,
      "index": -1
    },
    "load_md_data": {
      "x": 48.7999267578125,
      "y": 133.1999969482422,
      "index": 0
    },
    "AOAILLM": {
      "x": 47.999755859375,
      "y": 252.3999481201172,
      "index": 1
    },
    "convert_to_json": {
      "x": 51.1998291015625,
      "y": 379.5999298095703,
      "index": 2
    },
    "embedding_qa": {
      "x": 47.5994873046875,
      "y": 519.5999298095703,
      "index": 3
    },
    "save_embbeddings_data": {
      "x": 64.83953857421875,
      "y": 685.8399200439453,
      "index": 4
    }
  },
  "orientation": "Vertical"
}