{
  "nodeLayouts": {
    "inputs": {
      "x": 230.39971923828125,
      "y": -150.00002670288086,
      "index": -1
    },
    "outputs": {
      "x": 268.80010986328125,
      "y": 283.2000732421875,
      "index": -1
    },
    "load_lakehouse_data": {
      "x": 386.39996337890625,
      "y": -46,
      "index": 0
    },
    "llm_node_gpt4": {
      "x": 157.19998168945312,
      "y": 155.60003662109375,
      "index": 1
    }
  },
  "orientation": "Vertical"
}